<?xml version="1.0" encoding="UTF-8"?>
<project-private xmlns="http://www.netbeans.org/ns/project-private/1">
    <editor-bookmarks xmlns="http://www.netbeans.org/ns/editor-bookmarks/2" lastBookmarkId="0"/>
    <open-files xmlns="http://www.netbeans.org/ns/projectui-open-files/2">
        <group>
            <file>file:/home/reko98/repos/Desarrollo-de-Software/Practica%201/CryptoVisionary/src/Observadores/ChangeGUI.java</file>
            <file>file:/home/reko98/repos/Desarrollo-de-Software/Practica%201/CryptoVisionary/src/Observadores/MinMaxGUI.java</file>
            <file>file:/home/reko98/repos/Desarrollo-de-Software/Practica%201/CryptoVisionary/src/Observadores/ChartGUI.java</file>
            <file>file:/home/reko98/repos/Desarrollo-de-Software/Practica%201/CryptoVisionary/src/Observadores/Cliente.java</file>
            <file>file:/home/reko98/repos/Desarrollo-de-Software/Practica%201/CryptoVisionary/src/Observadores/Coin.java</file>
            <file>file:/home/reko98/repos/Desarrollo-de-Software/Practica%201/CryptoVisionary/src/Observadores/CoinValueGUI.java</file>
        </group>
    </open-files>
</project-private>
